# Columns: 1:(x-position), 2:(y-position), 3:(z-position), 4:(x-efield), 5:(y-efield), 6:(z-efield)| Cutoff:6.0 Angstroms | Units:(position-Angstroms, Electric Field-V/Angstrom)
1.138701593209884289e-01,4.229167008891788204e-01,1.242758783925327903e-01,2.307084261222586008e+01,1.626134442371493094e+01,2.545258592412409726e+01
1.634586712804015907e-01,1.415839233056467306e-01,1.091810230822363309e-01,9.756509696023350386e+00,-7.153904674901175653e+00,-1.959709206363144318e+01
1.118136636682002666e-01,4.290794395540744460e-02,2.182661292389025121e-01,4.609662641429510188e+01,3.071221451851458895e+00,4.259008533479812009e+00
2.302255561088389912e-01,1.565004561920320947e-01,2.830565074648135337e-01,-1.677072563468356492e+01,3.060225961868349742e+01,1.332829069748826178e+01
9.673465033978315142e-02,2.778062965276018037e-01,6.914225496695254602e-02,3.869569259134340911e+01,2.866120789457280438e+00,2.523861988125214140e+01
2.319876749284335293e-01,3.410406688984885526e-01,2.326180279923993344e-01,-1.748134691317438083e+01,2.453950818819219393e+00,-1.629594584390786594e+01
7.484453584081897370e-02,2.593446938534175183e-01,2.114542391214592199e-01,5.327029406707930903e+00,2.771484357090040618e+01,1.805844717794290588e+01
2.674289392847165603e-01,4.578395207882485218e-01,3.460597782958955981e-02,-1.065125967438968502e+01,-9.960225317029824055e+00,1.071882249388910147e+01
1.343959398370537239e-01,2.651699928610968260e-01,3.430124653113194588e-01,1.653723781024004680e+01,-2.068600913773739336e+00,1.789817986982118114e+01
1.470683646526778354e-01,4.198032554169872643e-01,3.750599317020641976e-01,-2.626876685045537840e+00,-1.068354622570591594e+01,-2.030876808534866029e+01
9.998248434500521531e-02,2.660616471426023311e-01,4.918205881699163062e-01,-1.858941090807205399e+01,-1.176526114480918217e+01,-4.007810043736995453e+01
1.871037604526958609e-01,3.308413793836106898e-02,4.588580577747613520e-01,-1.182809411936140265e+01,2.481372515053647376e+01,2.229297107464415362e+01
8.042808403331958012e-02,9.637973528504206744e-02,3.620368855828798305e-01,3.525142503696459428e+00,5.795703602148896572e+00,-4.288227233016707274e+00
2.692782398493121510e-01,-3.221851636348317758e-03,3.310048806238445329e-01,-1.137518245607946277e+01,-1.111856812454625754e+00,-8.726630342598326706e+00
1.246313458628259957e-01,4.205516293405964778e-01,7.418419835107612492e-01,-1.757508495939195825e+01,2.348565492229967333e+01,1.663465378938412087e+01
2.303966662310422409e-01,5.558572061856145718e-02,6.149724894181789470e-01,2.178471868929004174e+01,-3.583355907163182508e+01,-3.080405140219633608e+01
1.607331210841705660e-01,3.476994022673434159e-01,6.127830705555080693e-01,-2.672048386597224834e+01,-2.425648488709086337e+00,-1.895957412845607593e+01
1.614866790600912039e-01,4.904270127253471667e-01,5.507149510116882141e-01,-6.592873704906708099e+00,1.710614100959332262e+01,-3.337028937055043798e+01
1.277848688233043373e-01,2.129127084301179473e-01,6.933119948428038137e-01,-4.150641353471117156e+01,-8.433584748982315915e+00,5.648750972539721360e+00
8.282268249514987413e-02,3.940225897383409226e-02,6.907655693624384918e-01,1.840009193959219047e+01,-4.899642060964714219e+00,-2.875918630908516604e+01
6.439218169551580440e-02,9.405110306325353831e-02,5.505330768300540356e-01,7.014050861088868771e+00,2.811525062536200181e+01,3.433669934845786287e+01
1.064158593195037653e-02,5.173453685723444773e-01,6.495424372961129400e-01,-2.973751383637808843e+01,-1.958339139186778866e+01,-3.755058520600113070e+01
1.066137812702142168e-01,1.799523058719764423e-01,9.481272711193634573e-01,6.097794291794406796e+00,-1.031173399805188495e+01,1.647899215270832585e+01
1.466734976523894618e-01,3.528399747492705352e-01,9.489706390987824314e-01,1.752846485319140157e+01,-1.772781313804619430e+01,2.704545459461500556e+01
1.291491602461742605e-01,3.899362797743911868e-02,9.349054004867023426e-01,6.483928440403363425e+01,-7.550453230554136752e+00,-1.062260518344135818e+01
2.163008093680542643e-01,2.396596448464292373e-01,8.373566475963645228e-01,7.674555111584851375e+00,-9.715104901227467948e+00,3.867637353245056175e+01
1.755308433036615878e-01,7.288580877001869796e-02,7.977534618232087205e-01,2.877732281778884271e+01,-5.506124838898811902e+01,-2.589271655724814991e+00
6.906224913891266526e-02,2.659223179883456467e-01,8.327603565869700075e-01,-7.706170893439696634e+00,3.990450947880131594e+01,-3.322709399347983350e+01
3.166417946532134042e-01,2.873441194134407906e-01,9.653874083636718728e-01,7.894355245289462530e+00,1.673541074427975417e+01,1.574447896662502266e+01
1.853505406382361664e-01,5.156508121413813095e-01,8.762650047188441649e-01,-2.266114339156523272e+01,3.160637540083288144e+01,1.770253049195706296e+01
2.679694556121807181e-01,1.092899927730280468e-01,9.450632467230498657e-01,5.482610139736843635e+00,-6.208444365426679212e+00,6.163279191613510122e+00
5.414792134785491318e-02,6.019753107383362112e-01,8.096657693711697967e-02,2.571797168854140381e+01,1.944266478589472058e+01,-1.457352152635384712e+01
1.501259879905854355e-01,9.615048782314761233e-01,5.881377279092506183e-02,3.677506374581024318e+01,-3.570848040313298100e+01,1.046909067614637934e+01
8.261344650510098198e-02,7.805610363352853964e-01,1.222429961843148061e-01,2.770304542590351815e+01,1.478471304675751519e+01,-1.600012727278139835e+01
1.890439692392507642e-01,7.182878485245186573e-01,2.641358794853164160e-01,2.403854435502826448e+01,-5.696670245825879775e+00,-3.777779581086891625e+01
2.069259840985470666e-01,5.737553690383586646e-01,1.631193792028347578e-01,-2.421453696652617893e+01,3.482774887006804931e+01,1.557749706126847578e+01
7.678744075572312144e-02,5.459092063558281804e-01,2.288560399937312473e-01,-2.695583215960587253e+00,-7.052272951115217126e+00,1.035023620618901141e+01
2.256573724260446945e-01,8.052694616708584441e-01,1.843265815563917623e-02,4.000756907534775308e+00,-1.449393170985633184e+01,-7.589415908976282488e+00
1.149877599487468816e-01,9.318822925616103703e-01,3.856004139856757384e-01,1.406539021953689961e+01,-1.491821689239600701e+01,-6.860681353249310277e+00
1.316843424019601971e-01,7.741414411604411461e-01,4.382123586556348482e-01,6.163886451979378478e+01,-2.801623249924056580e+01,-1.205271246151082565e+01
1.028358432981129611e-01,5.961425536192124230e-01,3.749908078169544301e-01,7.014925716807503875e+01,1.120904180366910374e+01,5.656127577578189403e-01
6.680656958106620524e-02,8.091003944280367177e-01,3.065732865005052488e-01,1.825519543663616417e+01,-4.572473668728826368e+01,-2.012269288670779943e+01
2.593122092577931359e-01,8.911770623396020330e-01,4.570763165854843102e-01,1.259689546524283976e+01,-4.370676446394735137e+01,1.348327085815038373e+01
1.491363000453551496e-02,5.687695357078117464e-01,4.997578189756634592e-01,3.242799309875408653e+01,-7.905959285603762154e+00,2.533046330191474027e+01
1.677637963727426351e-01,9.007490121943673156e-01,2.285036598289600374e-01,2.103444680675580258e+01,-1.483218812872477343e+01,-3.258712619112925779e+01
-7.542923838645326296e-05,9.361375248117018710e-01,2.669791377054018255e-01,2.861645038343845115e+01,1.694113718817474634e+01,2.269702782638315597e+01
1.290737409054689699e-01,9.256879957655237412e-01,5.499975079232352071e-01,2.158415936620814080e+01,-5.679240215737722863e+00,5.080167322661782947e+00
1.721715594289912610e-01,5.724346390837160570e-01,7.095901174708540982e-01,-1.320946677227366806e+00,1.346671336359840865e+01,6.014127061728947510e+00
1.861287230551258443e-01,7.471906355612937256e-01,7.147488304074707255e-01,-1.074146965023624034e+01,1.449569133404333421e+01,5.349884668082562911e+00
8.218790758065201707e-02,6.738579479820862028e-01,5.928777758466139414e-01,6.449451766502724581e+01,5.505516468706632693e-01,7.641103906834773696e+00
3.931117257153241007e-02,8.137060579494584944e-01,5.574663823464286461e-01,2.041809985686025541e+01,-3.984484219825960594e+01,2.746907699693016980e+01
2.571195561540649821e-02,6.632001754586257514e-01,7.660289484376189284e-01,2.819417811376090377e+00,-4.195289847711993758e+00,1.873279357221485242e+01
1.674762687349147794e-01,9.194526076633008360e-01,7.134615308778823328e-01,2.443835139483072894e+01,-5.575138719990881953e+01,-6.676203767860094729e+00
2.699847096070927543e-01,6.442751591018563984e-01,6.317076302202573324e-01,-4.038280065736278601e+01,9.931742534087135255e+00,-8.591737581499529597e+00
1.914319699068168235e-01,5.912349698730373637e-01,1.015022497488226483e+00,1.241259978285320464e+01,7.981640304434598931e+00,3.530332674805478632e+00
2.261646899513469755e-01,9.200100000125719379e-01,8.746914019284989239e-01,-1.088303636296110355e+01,-3.268097420801929331e+01,2.024579354825733546e+01
1.116327776063107680e-01,6.932272702712557466e-01,9.290702697428601109e-01,6.032201828639440322e+00,1.812286500545042145e+01,-1.568015371232609212e+01
1.223829411006354534e-01,8.131620591000791043e-01,8.338309865704249813e-01,1.638043999279078733e+01,2.964665344610901698e+00,-2.092194111451452088e+01
2.720597782585861268e-01,6.712325917772846706e-01,8.512323515884459013e-01,-1.665922129907268001e+01,1.542846835210759693e+01,-7.918085120325630832e+00
3.785949749096581551e-02,5.196881849386578711e-01,8.263405223668115474e-01,-2.085744399002668104e+01,3.188188188817848356e+01,-2.877438036906994157e+01
3.913435940544218727e-02,9.471366144833002210e-01,8.414943459582315821e-01,-8.247615032491200537e+00,-2.944711967020489496e+01,-5.978442924538907022e+00
3.438985308563646259e-01,1.651154786485851400e-01,9.800244617620201826e-02,-9.029015635855069277e+00,1.287239114346343882e+01,2.489952997132311552e+00
4.871366542305957670e-01,2.392180844603351286e-01,1.844846147104187706e-01,-2.902600750948971964e+00,1.439765102814845754e+01,1.395944702258264059e+01
3.584313604450827251e-01,3.424126897779653511e-01,1.223510110643529769e-01,-4.365324727257173976e+01,-1.945844682514371726e+01,3.930778696022722229e+00
3.074789401030607050e-01,4.702126650025308385e-01,1.934373949184581831e-01,-2.468417174827731486e+01,-5.144418015696510693e+00,5.900368692212393462e+00
3.915086695604206857e-01,9.434753522468400377e-02,2.548157921040678509e-01,-3.379690906941893047e+01,-1.003468293657698318e+01,2.055675936453005903e+01
5.296955875645096290e-01,4.004926266271168767e-01,1.281739278925043968e-01,-9.067208205994203851e+00,2.526774095569452427e+01,-6.849040688010632039e+00
4.558795494665342507e-01,2.696350892585042680e-01,3.849145753287631921e-02,5.946710876416949176e+00,2.261255412691594913e+00,-1.239908936453579358e+01
4.068472258229410832e-01,5.252784383228228382e-01,1.018497656401971679e-01,-3.945173099604053490e+00,1.672158321072765519e+00,1.718296292879296416e+01
4.156636051155546685e-01,4.896372990938393510e-01,4.132000567198373386e-01,-3.511824953426908280e+01,1.749462675442317305e+01,-1.430539879670455683e+01
3.125276591756943612e-01,1.132887189010226558e-01,4.480984927519836569e-01,-2.142485157085966208e+00,4.806736922706065229e+00,-1.081185239334052639e+01
4.176240516907866462e-01,3.801340857204165147e-01,2.745237847903672090e-01,-6.375228877209275780e+00,7.666660776050921555e+00,1.638292239948691176e+01
4.446845624057797486e-01,2.183326591817633111e-01,3.630363333695204586e-01,8.263896810783327496e+00,1.504211372257709733e+00,-2.884393451722153223e+00
3.513137617409879399e-01,2.380933636913064033e-01,2.385908896792871270e-01,-2.637667010426348924e+01,1.724087025936125173e+01,3.154887412979812567e+01
2.741141884699530573e-01,4.513917017205007487e-01,4.525253644148718446e-01,2.774688622932808713e+01,1.581046046359299595e+01,-1.499052695779041500e+01
2.746471548462249834e-01,2.934586570290804719e-01,4.155828239272049696e-01,4.158000643647948635e+00,-2.142317728760300000e+01,6.051856318980934901e+00
3.938978213283060859e-01,2.362076732117527611e-01,5.113408086468704816e-01,2.965161275379681882e+01,-1.099703762356547188e+01,-3.606204671518410976e+01
3.636584238550826242e-01,3.745129709417107100e-01,5.386533963716584328e-01,-1.449409562311982569e+01,3.880251001824200241e+00,-8.458987338099975162e+00
4.226260388618021113e-01,4.453748385050817493e-01,6.574969833116882656e-01,2.188255380405261263e+01,1.346248634136388489e+01,2.834574742547821824e+00
3.815935536305799514e-01,1.318322860786155237e-01,6.148765634956173676e-01,-5.371834084968135414e+00,-1.167250286342627952e+00,-3.372226745957770788e+01
3.957892573113869217e-01,2.880216220928250026e-01,6.775927233360461432e-01,1.649267877068086818e+01,-4.154249607977408232e+01,-2.623413582564773350e+01
2.814588934274389609e-01,1.812661421728372912e-01,7.197718117324691800e-01,-1.892606398404353740e+00,-2.763890482411747129e+01,2.993294101023979970e+00
4.972782617678274675e-01,1.432712306461602914e-01,7.486074451537941821e-01,4.126453706605983029e+01,-7.314563809568544350e+00,-1.986828851968575549e+01
5.231662674381063471e-01,3.416208475655035937e-01,4.863717232595448081e-01,-2.895118620425417788e+00,-2.169970372176569740e+00,5.190518285828371603e-02
2.702159125107179705e-01,4.129013649963436672e-01,6.747968972547473410e-01,-3.455841952694640895e+01,-7.395528184700044250e+00,5.977926512780354251e+00
2.557178683224523574e-01,2.404186879286524525e-01,5.815441997719945633e-01,-1.366923107307847118e+01,1.905691981497840715e+01,6.929650847467277330e+00
3.766011929442649731e-01,2.048730571576951320e-01,8.330573992564899166e-01,2.033544418714545188e+01,-4.207629678984623922e+01,1.418462620041579036e+01
3.903274238734701362e-01,3.950273778955904480e-01,8.273319468364335183e-01,2.632424896614979559e+01,2.287277282015130453e+01,-2.707094418800857660e+00
2.432947977679409124e-01,3.836812548060347661e-01,8.190280436452054280e-01,-4.863890667842019155e+01,4.101483790033572063e+01,9.380542005443366804e+00
4.442539954592992779e-01,6.508308330030206090e-02,9.096744286736785368e-01,-3.106057596917747077e+00,-1.494052833864597396e+01,-4.026698367318334526e+00
4.329179872270814688e-01,4.073390164198919527e-01,9.902861172847483573e-01,-2.649785566684074212e+01,2.819746951525225498e+01,1.673873185616589865e+01
3.680809354460342631e-01,5.384173738672003440e-01,9.154425758167040739e-01,-1.796459024743819910e+00,-1.576783850075302862e+00,1.814476326284839658e+01
3.590850349817639175e-01,6.837157315230963928e-01,1.971283476711717386e-01,1.317577413441286538e+00,2.300245381952591117e+01,1.490329097263086311e+01
4.879635282899740245e-01,5.530701596191454072e-01,2.459392184127202341e-01,1.648024510480532001e+01,2.017271384695776248e+01,-6.514556199110738355e+00
3.833422610921964901e-01,8.884714228872211406e-01,2.041208114051554501e-01,-1.563218918145894953e+01,-2.322509193620101797e+01,-1.275573131461549536e+01
4.129088676473376407e-01,1.025335826814970597e+00,1.276454046296361666e-01,-1.973532307305029576e+01,-9.320967371232210752e+00,-6.163255600919271160e+00
3.392800966462982681e-01,9.456925682001913191e-01,1.726048312864538262e-02,-2.842910589943821620e+00,-3.028642744898208505e+01,3.875171358479185368e+00
4.984630003464606829e-01,6.961597590987628204e-01,1.373872449775284388e-01,-1.521795090794077865e+01,4.021846831387773591e+01,1.879909435346469238e+01
2.715957838735087448e-01,1.021028620030317358e+00,1.670821590571041904e-01,-3.472977798522248349e+01,-1.752597217740383329e+01,-5.104852090893421845e+00
4.334432621153203602e-01,7.978591746338858925e-01,6.087272128262947307e-02,2.857947053478119415e+01,3.181232505833861524e+00,-1.620479606691516494e+01
3.227776156388651452e-01,6.584065697502808900e-01,2.448317487483808383e-02,-2.203887031932838170e+01,3.294354044455016606e+01,6.349216150960875993e+00
2.665509100500076389e-01,8.008279371870119512e-01,1.603063278816221904e-01,-6.747357299143359910e+00,-2.912557423534902057e+01,-8.500064498132264390e+00
5.062759636100696570e-01,7.270165248848952100e-01,2.838935065739700003e-01,-1.764806048830517327e+01,1.467577471537124012e+01,-2.449756396831283922e+01
4.099364633442560968e-01,6.314970675075546325e-01,3.500875194272430879e-01,-7.298319327285353708e+00,3.932880801670282267e+01,1.603469173997155384e+00
3.702019491334930801e-01,9.016698355071887105e-01,3.586041634783491139e-01,3.204180068618487809e+01,-4.002437145520524098e+01,1.621326451580477013e+01
4.960798228189260417e-01,8.420147033128475567e-01,4.173979549509874709e-01,-6.698847591884328878e+00,-1.310119049399539648e+01,2.209307749828155210e+01
4.617443363102506360e-01,1.022967983466237296e+00,3.906981663074011180e-01,1.485563105284866836e+01,-2.768893091977711052e+01,-8.908587935668666802e+00
2.356775967810115224e-01,6.423093227025269414e-01,4.853146467438368972e-01,7.585982319481011871e+00,-1.434742239664717900e+01,1.790761714603231169e+01
3.273594195207097934e-01,7.544708105630544281e-01,3.794808313619784101e-01,-2.021955392820191122e+01,-4.803597816360051453e+00,1.692930107515034521e+01
2.733244049809703813e-01,5.579572522394680156e-01,3.230407548117341654e-01,-2.379001962689617500e+01,1.609867652626449441e+01,-6.559145627830408998e+00
4.707572063488775216e-01,6.682759453735255262e-01,6.677021847125624854e-01,-1.006974029082452660e+01,2.289896739139300763e+01,-2.190551143468341344e+00
2.618091022339944507e-01,8.926477189139236934e-01,6.057516078626987710e-01,3.066101451572476577e+01,-2.749952279130776134e+01,1.108038159534118527e+01
3.856377204204110010e-01,9.651589792268903123e-01,5.507241859235518788e-01,2.460904259471934097e+01,-1.295445631790945384e+01,-1.679627352392377659e+01
3.328602755563856430e-01,8.495473049931314691e-01,7.374155556994497207e-01,1.442974219882281872e+01,5.034349360807368612e+00,6.261946134754993842e+00
4.885115708141957169e-01,8.439025738712813141e-01,6.431588479557384108e-01,-5.109833628711138331e+00,-1.174953894287169565e-01,4.725023987207364051e+00
3.418226020963779921e-01,5.347323004032865645e-01,5.630372854474708921e-01,-1.164662644029825778e+01,2.304458382268760985e+01,-7.333914982886686751e+00
3.436357365339985370e-01,7.644182065544108395e-01,5.718516459427880338e-01,9.218969191815622466e+00,-3.443461961036211161e+00,4.227393439598077229e+00
3.458191244183876911e-01,5.534373741656337664e-01,7.355329052540280355e-01,8.477903997954060245e+00,5.641578123300630665e+01,-1.387382653174858227e+01
3.389216026345211463e-01,1.041099712639318886e+00,7.626382722730092878e-01,1.608154711928405334e+01,-3.462274063733759277e+01,-1.324937330071914765e+01
5.142656163187541152e-01,5.143328529771264979e-01,5.567407050114913103e-01,3.832725304051651349e+00,2.118412898551244794e+01,1.018151031771825643e+01
4.711129121838705802e-01,6.737704095854777364e-01,4.803809905486919885e-01,-4.625637414172926043e+01,1.717784459062648139e+01,1.457127578876624696e+00
4.132126116459853837e-01,6.924288141094356863e-01,8.108568090898485847e-01,-7.190292285411931772e+00,6.643517515702237475e+00,-2.053686432691084818e+01
4.880665928439397172e-01,8.158679095929813885e-01,8.153192718511440562e-01,-1.507979790117581764e+01,1.199066625519328078e+00,-2.627779732704956572e+00
4.833417348069206088e-01,6.766829636666892300e-01,9.471055357856343893e-01,2.082048528676923382e+01,1.297501410171240366e+01,2.177304537300951282e+01
3.962968024833558589e-01,9.280721578983154307e-01,8.585007870380346739e-01,7.295162636954271917e+00,-1.380537996871337114e+01,1.012598736940612909e+01
3.602261495306648964e-01,8.020480321155530889e-01,9.157216035103961094e-01,-3.507933022134668732e+01,1.936263850874686199e+01,-9.184280821720234300e+00
5.020265941352641814e-01,5.657681658794668778e-01,8.163621551130477716e-01,3.183681192915999247e+01,1.326259566675681612e+01,-2.943109334069757388e+00
6.990650798037237879e-01,8.508104986371717304e-02,6.452913458526671198e-02,-1.703563918242713626e+01,-1.882638851556241022e+01,1.751279619670619070e+01
6.993315471555698881e-01,3.807640749993253526e-01,1.573313587054194496e-01,7.962915168766109275e-01,1.070703847154653943e+01,-3.201391989504148938e+00
6.384977689048549898e-01,2.564748244847679937e-01,8.054906055376820362e-02,2.639800510833579139e+00,1.195143117839085889e+00,-8.637210628624885089e+00
6.019177149649765912e-01,1.404419305360413983e-01,1.859761959286151400e-01,5.979807136019591240e+00,-4.036919152506097674e+00,7.273351477442814073e+00
6.255627744442271432e-01,2.939785568684767370e-01,2.716455552646171445e-01,1.773633474805328092e+01,-3.097499745788194758e+00,2.520269510792995504e+01
6.349382212881115040e-01,4.670248393587829172e-01,2.492764544476032684e-01,-1.213683928579747118e+01,-1.423069894221393916e+01,9.746838075537961998e+00
5.120766213979853765e-01,1.269173098556079793e-01,6.973387912900511076e-02,-3.965593998589172031e+01,-1.310631971490582792e+01,3.923271022505830707e+00
7.902668551092641991e-01,2.498756176699026554e-01,1.776745419852430730e-01,-5.105701277984186959e+01,2.310230555939760677e+01,-7.874350840327704049e-02
7.167007126755611246e-01,9.812718614489750191e-02,3.962884159390021033e-01,-7.459271089250135489e+00,3.714132020283543056e+00,1.188400453546500479e+01
5.826517588163945272e-01,1.303185338180846420e-01,3.276883056799335114e-01,3.634609305952831448e+01,-1.754219925076441911e+01,4.346044851692466437e+01
6.793411124183283967e-01,4.024423138826157542e-01,4.108190009401717635e-01,9.002723889211665664e+00,-2.307191148582667140e+01,4.354471161521849609e+01
6.600132037140338248e-01,2.294696673683427612e-01,4.398084049409198282e-01,1.710747535565106503e+01,-3.173341919765607244e+01,-5.342969520906628134e+00
5.247661424782849027e-01,1.496489287237858790e-01,5.184535141722373952e-01,4.271372411367252653e+01,-1.399503619383801301e+01,2.222969037179485241e-01
5.472401845343004556e-01,4.051109838824907272e-01,3.490238771071272339e-01,-7.808795810964552331e+00,1.065070099163799178e+01,2.495108943260518686e+01
7.349369497074439428e-01,9.294995521754899348e-02,2.475484812784068955e-01,-3.583454014410715160e+01,-2.900556508341647088e+01,7.754617177124757177e+00
7.291677615967906423e-01,4.587027673999369282e-01,7.948862596099471878e-01,-2.008939166958036537e+00,-1.533236421593686671e+01,-1.717144528157237460e+01
6.968442400835764827e-01,2.755853929188220586e-01,7.831482157885406581e-01,4.938222753153926448e+01,2.547651258133943486e+01,-4.307772258916594765e+00
6.668646676283696006e-01,3.370390457596985634e-01,5.523232871872582050e-01,1.686691156870260500e+01,-1.522677678748805441e+01,-1.829484985768599969e+00
6.926392043022427947e-01,4.886422329372651641e-01,5.668679014970547936e-01,-9.026980723650961380e+00,-4.741100796496122882e+01,2.184260013566725434e+01
5.745589237713384367e-01,2.702119104626770074e-01,6.551756605574172720e-01,6.077959633485592406e+01,-4.794323438954945615e+00,4.281362477699268254e+01
5.755582223649786666e-01,4.474110453060587966e-01,7.070947029325307387e-01,-1.676597955282786501e+01,-1.681777462581494831e+01,1.909492586853824747e+01
6.260048642711194544e-01,9.567842844654692036e-02,6.554292347627054260e-01,2.651535826290243847e+01,6.413922069309406560e+00,-2.790523993601667740e+01
7.461335441516195877e-01,2.085467657361082527e-01,6.064678853409295467e-01,4.357285185079254575e+01,1.533540387215004763e+01,1.717294290608569796e+01
4.933726229235741445e-01,4.622928857560916482e-02,6.337576427001464507e-01,1.211788460371516862e+01,-1.889187659331127023e+01,-1.551914776258027473e+01
6.660503487775482068e-01,4.234849431446874868e-01,1.022785252638287012e+00,-1.528026061944314584e+01,4.669252986432422148e+01,-3.075060128665814574e+00
5.468517935867981405e-01,2.208242439692957304e-01,9.266842506229255871e-01,3.566085658119438051e+01,-2.528795671046812288e+01,-2.131144424795230208e+01
5.683043979159447812e-01,3.972129246437920425e-01,8.800344832127056094e-01,1.190453116048735005e+01,1.405922966308423838e+01,-1.393462412162480213e+01
5.899504939937121328e-01,6.753296082610890649e-02,9.589670343240280781e-01,-1.873161308842646022e+01,-4.847356571034185890e+01,-5.232783611608981289e+01
7.265153503155244996e-01,2.058776474013455093e-01,9.413628481290068351e-01,-2.722862602969490453e+01,7.480530227472010907e+00,-2.973606106141967942e+01
6.510119585019344957e-01,1.019296314609611093e-01,8.232784073320111862e-01,-2.302946480332356316e+01,6.664433033396615969e+00,-1.882075157256843312e+01
7.203600417854278959e-01,3.555239578089960384e-01,9.092003112176161306e-01,3.345308469747067193e+00,1.271938580757684889e+01,-3.952254741602878596e+01
5.085424138245591141e-01,5.219699722232498118e-01,9.595422779636948452e-01,2.606850019933867202e+01,3.238698105113991232e+01,-5.789528394248252496e+00
5.021840098258083529e-01,2.837882926176241716e-01,7.929196242489147117e-01,2.030833813696147061e+01,-2.059608241855650501e+00,-1.152701038564339520e+01
5.378399261832730316e-01,9.995736014329936747e-01,2.224291091466707448e-01,-2.753772438059041150e-01,-8.205742309742133145e+00,3.244427919884801170e+00
6.517821336947622335e-01,6.398904873188846487e-01,2.474361858297823846e-01,-2.265748582460139104e+01,6.587863194011848833e+00,-3.213267750696362413e+01
5.752904010103492283e-01,5.757768666179150507e-01,8.710397960182786337e-02,7.725942231215558564e+00,8.988914507908555507e+00,-7.562127397117804684e+00
7.053791461499303583e-01,8.616103478807214389e-01,5.181795817746874533e-02,-7.582712796903408936e+00,-1.510887645883228103e+01,7.699995220029977716e+00
7.008362500527433037e-01,7.060854068090072211e-01,6.897255971270924158e-02,-1.244778732476872207e+00,6.080259530415746738e+00,1.064748145433570059e+01
5.783974424805430337e-01,8.276076000306068492e-01,1.566021505511812073e-01,-5.175872642836379711e+00,7.214722024540569656e+00,-1.956324525247671087e+00
7.446753019596001888e-01,7.885225945366416411e-01,2.282792818605080265e-01,-9.007196710938705664e+00,-5.041317543914201948e+00,-4.429007426956214744e+00
7.202159454044266829e-01,9.442400378861648402e-01,1.654488342376871646e-01,-1.298916470488256536e+01,-9.749452081483539700e+00,4.431048983104872718e+00
6.417546573088062090e-01,7.288367362560366214e-01,4.193756266214998529e-01,-7.326362681187594816e+00,5.421219778190749850e+00,-2.142305168682773875e+00
6.435863241646391231e-01,9.624103844453937295e-01,3.665738154425250972e-01,-1.291549774290359309e+01,9.513895558541534569e+00,6.483531093214525143e+00
5.937894699757864103e-01,5.516369713203801428e-01,3.986326050468096405e-01,-5.845146000697450717e+00,6.161187136106939244e-01,1.903746720252914137e+00
7.313058022651566237e-01,5.898403050524364533e-01,4.534449908935996865e-01,-1.499553758818503191e+01,-2.364031837032166905e+00,7.985082769195051000e-01
6.137243866398400804e-01,8.270902962925541502e-01,3.058874468439272687e-01,-5.401079761407876489e+00,7.325727005248615420e+00,-3.819933397127927233e+00
5.703443961137679707e-01,9.621929702981766308e-01,5.326056387298294670e-01,3.225566766982993716e+00,-6.266358094940488677e+00,-9.733364570585495201e+00
6.232328830627776872e-01,6.500615923216260805e-01,5.762742080467841976e-01,-5.640711609190404374e+00,-1.657922496919479460e+00,6.290873297012545606e+00
5.985038206344812650e-01,5.988138035642187607e-01,7.104992394622616780e-01,5.160054650471899151e+00,7.131633890338937576e+00,-1.715140528020197230e+00
6.048008689076935784e-01,7.945480871888878083e-01,5.658002235264524282e-01,-1.154489039314568544e+01,8.393161319449646385e+00,5.399462251457087802e+00
7.215354785233027979e-01,7.683312542697235958e-01,6.637232262683814277e-01,-8.059802407644756528e+00,4.895464256193982067e-01,1.095269336047250164e+01
6.595141171003876535e-01,9.280179538064737832e-01,6.792205489943716756e-01,-9.066972520338962838e-01,-1.474254345630639396e+00,8.576522341233715707e+00
7.162752380860395451e-01,8.669046699460331018e-01,5.099890576697184708e-01,-7.310885261967481341e-01,1.230292400355728866e+01,1.617966735773712195e+00
5.258752528751405864e-01,9.762388903498858683e-01,7.672876135425020783e-01,5.407389828199710813e+00,-6.942251776676638286e+00,6.335534158163413920e+00
5.864937318163253588e-01,8.139253199634428615e-01,9.619938571604695898e-01,2.054223887340648602e+01,1.424414180634449689e+00,-3.017834797288815984e+00
6.934276713996304631e-01,9.558929139274400244e-01,9.278401730847448681e-01,-7.437949964849172702e+00,4.612481785951650259e+00,-1.315934324076486917e+01
6.297056488287753329e-01,8.678073205494490905e-01,8.149298310793663402e-01,5.321249333459157072e-01,-8.275274942138686640e+00,-9.843798724997054883e-01
8.128762796277836378e-01,7.009997220286494635e-01,8.164132860149754256e-01,1.720888122985855695e+00,5.285534242479299039e+00,4.886864238132057281e+00
7.814930685080055950e-01,6.477659187726712009e-01,9.534446350034175843e-01,-7.580935913333489040e+00,-1.080230943849508130e+00,-1.256855234745198047e+01
6.307580405637180920e-01,7.116497789510336514e-01,8.122621531455811450e-01,6.152463609962591562e+00,2.453054524217757937e+00,8.727397333738756702e-01
6.547657312854726630e-01,5.659599683913359991e-01,9.186326960468207403e-01,7.972973401356306944e+00,4.825127992763613705e+00,-8.760895033050777769e+00
5.196497509799935521e-01,9.562762523736775266e-01,1.041975114586478623e+00,1.826367963462302679e+00,-5.884914579870925699e+00,-2.943028745328618356e+00
8.589684485828334992e-01,1.063286863118201170e-01,1.217917680741006786e-01,-9.150485630051480967e+00,-1.193200939989366560e+01,2.877323685467099779e+01
8.927543752527646870e-01,4.563123790668789370e-01,7.992058671417474891e-02,5.621156276589914569e+00,-1.322127414137667678e+01,-1.664290325646159374e+01
9.619288700346912968e-01,3.357240229870062653e-01,1.200475143490898622e-01,1.251193435019876254e+01,1.449320652818542143e+01,2.948191511615164018e+00
8.343116243805157595e-01,4.081840741659629179e-01,2.089413574241192062e-01,1.866312612966316919e+01,1.391369797903383443e-01,-9.776795075995757145e+00
9.320118420165307560e-01,2.121212408398260585e-01,2.063557760374112870e-01,1.783992489084091915e+01,-7.193983047853153678e+00,4.391398164468808574e+01
9.952134247163959557e-01,1.765222208559785733e-01,7.922365376717117880e-02,4.234629368729638088e+01,-3.670534376818483935e+00,8.271374442461473464e+00
1.001445847070212780e+00,2.171227497352341482e-02,1.264081633606647936e-01,1.499539565242959860e+01,1.377968118960852095e+01,3.772109546088380228e+01
1.001485547659131781e+00,4.159674757961569491e-01,2.695196431654103275e-01,2.848384670217026482e+01,3.769625752929126161e+00,1.845856205641605996e+01
7.473347217888988148e-01,5.351961715086287485e-01,1.269144900460245362e-01,-2.220517986798023102e+01,-2.196639186305270997e+00,-8.862203064142137876e+00
8.751268485818011200e-01,4.256099293413205253e-01,3.558359741553732691e-01,4.183806636962068559e+00,7.916426554564969464e+00,1.486384053251017079e+00
8.461847283015874188e-01,1.546920671291484584e-01,4.624206274585187515e-01,-1.826768533906860270e+01,3.896563303221704189e+01,-8.696199252168975491e+00
9.746692097691617152e-01,2.505138708513381940e-01,3.513212608665506331e-01,5.762427840127685386e+00,-6.451102152732444139e+00,1.567478257822831011e+01
9.858906652088861300e-01,4.202652039330808664e-01,4.605066914749189055e-01,1.827803626697793504e+01,-1.805128313670706319e+01,-1.098067103077800333e+01
7.995589872321784419e-01,2.981570430716918296e-01,3.486210967960651219e-01,2.369395847008822997e+00,-3.021927879680217899e+01,2.542451277954084787e+01
8.217930342743903216e-01,3.591838053671276842e-01,5.168676074962871292e-01,4.298716000799858605e+00,-1.558569598406618617e+01,4.797392581719346794e+01
9.079115109786130011e-01,8.405055515337329919e-02,2.964552669461941736e-01,-1.964734078372310844e+00,3.090041784556317950e+00,3.670008523786897570e+01
9.574121147032276236e-01,5.190260205632057922e-02,4.416384059921946714e-01,-5.186150633877127802e+01,3.500965451337554768e+00,1.856091363036236430e+01
7.742466297086566529e-01,5.302749418217468369e-01,3.201383583673537148e-01,2.775098259603485928e+01,-1.460825116260777179e+01,7.106704743744112207e+00
8.448460886989914709e-01,3.350233613872348193e-01,6.945517022870910662e-01,-2.099837801155608474e-01,-2.671988555460243120e+01,1.086123838344017223e+01
9.264602504672059258e-01,1.753380684507068188e-01,6.390159173435254747e-01,-2.292742099071990935e+01,1.674909788902526486e+01,-3.995510890738749055e+01
8.138622915742286246e-01,4.773512802829917301e-01,6.650006670947005150e-01,-5.024378595374433765e+00,-2.541521604135914458e+01,2.785746947800570439e+01
7.712740422984737387e-01,1.392949677116662177e-01,7.404404321867465999e-01,-6.022237454388607247e+00,2.219019286134000879e+01,-6.668335975650736103e+00
9.434473367909731456e-01,2.660205740122045803e-01,5.144273655083723140e-01,-5.908334340221898628e+00,-2.136555791767056789e+00,-3.148576149251057110e+00
1.008624914333411393e+00,3.400351012040016552e-01,6.345778454259801693e-01,-2.936558760724831529e+01,-1.552924004185618934e+00,1.104257071292599512e+01
8.651714065295920131e-01,2.217358016944355470e-01,8.327467271446283847e-01,5.699378277897253042e+00,5.847512633126593329e+01,-3.235946057123842934e+01
9.808090165510184866e-01,2.846230729932263115e-01,9.562149356203808459e-01,5.249170266751615799e+00,4.390259525575309141e+01,-2.270081359030935531e+01
8.785636411976703863e-01,1.764303536042709786e-01,9.881475104306425283e-01,-4.884170548342067519e+01,3.706782517239160057e+01,-4.835475671336440939e+01
9.712115488823251930e-01,3.780624443070901841e-01,8.105675018336218063e-01,-2.450708131886769792e+01,-8.791303775454082370e-01,4.449041738590395312e+00
8.226986493362726804e-01,4.995165966508849364e-01,9.531962100762209067e-01,-3.878849483394903075e+01,-1.338482669591330776e+01,-3.607993045848998293e+01
9.781152240545718524e-01,6.593836691891549751e-02,9.604818007891237075e-01,1.346555492646871421e+01,9.888929213578014910e+00,-2.596587718356163066e+01
1.010570818245708491e+00,1.270723549652562623e-01,7.995145739108163729e-01,-1.455610652353252554e+01,-7.289224025122530648e+00,-4.394819756126025112e+01
8.177613395525946682e-01,6.996118094949735355e-02,9.082583422101856430e-01,-3.065749489604397837e+01,6.636126680032310432e+00,-2.567170614488371427e+01
8.255705317996798742e-01,3.236434384920491292e-01,1.013786066948148878e+00,-3.585926992617917364e+00,2.306714903018374940e+01,-5.170628308846173127e+01
8.701958129382131313e-01,6.978953563476992805e-01,2.310587284190866453e-01,-2.776526810752515928e+01,-1.008614115842594927e+01,-2.439428058703123980e+01
8.732625055213717458e-01,9.726405464622084329e-01,1.855000881381167754e-01,1.228082055282268925e+01,-3.663862826783240223e+01,2.091144527931601971e+01
9.077693773077868400e-01,8.265309116803695177e-01,1.508771209897217247e-01,-1.721115927154469460e+01,-2.659298141940225690e+01,7.867972550656270769e+00
8.686500950400622978e-01,6.710529579224718821e-01,7.368775096209914666e-02,-2.002633967425257566e+01,-8.542480431522763595e+00,-2.482688430886063458e+01
8.304474746361677484e-01,9.674066284351598988e-01,4.298169500636304929e-02,-2.378808590261097322e+01,-2.149678582412264305e+01,-7.756818642549017540e+00
1.017413326738126678e+00,6.822135592276405980e-01,2.500583079973255352e-01,3.116366251257534259e+01,-5.013515538550555206e+00,2.793278479442662388e-03
9.155148829254192711e-01,5.585610613863133400e-01,1.950265045233552652e-01,-3.294287296446249513e+00,5.498895308372667934e+00,-3.353928282619365575e+01
9.452484821673992066e-01,7.128968991834877533e-01,4.786579427324672009e-01,2.530546966438697609e+01,-1.077329266643156558e+01,-1.860190796935970781e+00
8.127525843471988809e-01,9.279341626413263322e-01,3.220344123306655981e-01,-2.681326461142574402e+01,3.733104207379351891e+01,3.166682327815083298e+00
7.792915055116941270e-01,7.038049261580749949e-01,5.236800554271986430e-01,-3.838068203693399294e+00,1.474909972881744835e+01,1.865945214002099561e+01
8.255579548162239600e-01,8.180048513866227111e-01,4.336336867544454132e-01,-1.575849123954668229e+01,2.893098449998058541e+01,-1.448441710664967275e+01
8.057725485647684316e-01,6.927744762688848867e-01,3.621466518772483711e-01,1.407416256976468105e-02,3.789043906087952962e+01,2.398986859889159717e+00
9.586923797618517318e-01,9.009398150406084937e-01,4.511428677190273406e-01,2.147378138479047394e+01,4.231507901371738001e+01,6.714623373138891793e+00
7.293668682999356889e-01,1.034945512532556844e+00,5.354876140030090381e-01,-2.196046885240302338e+00,1.344393075542865468e+01,8.003427806535388100e+00
8.637848740273774695e-01,5.513991609650575887e-01,5.411946445832921393e-01,-2.171190149928354884e+01,-1.960433780414599525e+01,5.123768621958028291e+01
9.258105399518309353e-01,7.960220174157011108e-01,3.210683273875561961e-01,1.424277746755804408e+01,-2.855234227002828362e+01,1.311295487403445037e+00
9.326452837133756280e-01,5.688628368233497046e-01,3.726772704592622443e-01,1.232175987527206118e+01,-4.717461920857880742e+00,1.574580101891059947e+01
8.877928448535089556e-01,5.403700368950289379e-01,7.826085482522953107e-01,-1.372966443429718097e+01,-2.063470749906959867e+01,2.457968788388551928e+01
8.846401453801036041e-01,6.783601057204560192e-01,6.549934534871005853e-01,1.024165787873867650e+01,-1.598691801154387804e+01,1.983901510344631802e+00
9.975081694320299119e-01,9.118209896074225274e-01,6.682412274577367306e-01,-1.614475310743998548e+01,1.669013470916403108e+01,1.006137725725569787e+01
8.675465431809485928e-01,8.344482220556360685e-01,5.863653385927263262e-01,2.727072913776993346e+01,2.542579108793218801e+00,1.823273775835637878e+01
8.758922758569741562e-01,1.029423633248073067e+00,7.431179988137723846e-01,-1.657529906193835245e+01,1.276307968116146085e+01,-2.786816486512369551e+01
9.179709925063823661e-01,7.921005220209481612e-01,7.342384281246149280e-01,2.764102893105926029e+01,-2.933356322399890814e+01,-6.634549698085438152e+00
9.014773649747508388e-01,1.017118727825194524e+00,5.709533813206975061e-01,-2.294738380511376974e+01,5.390748318380818205e+01,1.581095018805477892e+01
7.948239078598208218e-01,9.446021480793699299e-01,6.416657892316171008e-01,-4.805978430092039844e+00,3.044340109812762307e+01,2.084312770817082239e+01
7.390032209886195913e-01,6.019882054151771689e-01,6.951708402485836658e-01,4.434999998452060055e+00,-2.880691411055175877e+01,3.878930963013074518e+01
9.385344772490755716e-01,6.303256987051650828e-01,9.245248537209704853e-01,-1.498677439659680388e+01,4.664661452158767929e+00,-1.353442175172687456e+01
9.752533323105320173e-01,7.881327814883757332e-01,8.702527921907996511e-01,1.943791720983457338e+01,-3.138785754545738627e+01,1.645634709053718225e+01
8.906273299184043202e-01,9.444583355762350418e-01,8.974517439152408516e-01,-2.110319639279915904e+01,2.120805248792686726e+00,-1.145056502570197310e+01
8.269508327218332289e-01,8.099097944040778430e-01,9.681398139646930634e-01,-3.293719887294997051e+01,1.575372819005082192e+00,-1.072706138710188029e+01
9.905221406036546217e-01,8.968644145589287353e-01,1.010028993306129719e+00,3.287760109462637104e+01,-3.162514830604742500e+01,-1.006403755923715870e+01
9.841444450345460115e-01,7.367552250250284374e-01,1.015813059125981299e+00,1.972201377020452995e+01,-4.619558930128216900e+01,7.387471653420007556e+00
7.910864603115953519e-01,8.793459519753933362e-01,7.919408495492347155e-01,-2.284518652491898649e+01,-1.638792961155509431e+01,2.142802258844920615e+01
1.002820901231580963e+00,4.654653579494585358e-01,9.724949716086073170e-01,1.468495286726931859e+01,1.743023179645911824e+01,-1.674527699473280862e+01
